Review_ID,Detailed Review,Sentiment
1,This product is absolutely amazing! I love it,positive
2,Great quality and fast shipping,positive
3,Excellent service and great value for money,positive
4,Very satisfied with my purchase,positive
5,Highly recommend this to everyone,positive
6,The product arrived on time and works perfectly,positive
7,Best purchase I've made in a long time,positive
8,Outstanding customer service,positive
9,This is okay nothing special,neutral
10,It's fine nothing exceptional,neutral
11,Average product meets basic expectations,neutral
12,Neither good nor bad reasonable,neutral
13,It does what it's supposed to do,neutral
14,Decent quality for the price,neutral
15,Acceptable but not memorable,neutral
16,Product is mediocre at best,neutral
17,This is terrible waste of money,negative
18,Very disappointed with the quality,negative
19,Poor packaging and defective product,negative
20,Awful experience complete disaster,negative
21,Not worth the price bad quality,negative
22,Horrible customer service worst purchase ever,negative
23,Broken on arrival completely useless,negative
24,Do not recommend this product,negative
25,Amazing quality highly satisfied,positive
26,Love the product excellent,positive
27,Perfect exactly what I wanted,positive
28,Outstanding value for money,positive
29,Very impressed with the quality,positive
30,Great product would buy again,positive
31,Fantastic service very happy,positive
32,Wonderful experience highly recommend,positive
33,It's okay just average,neutral
34,Standard product does its job,neutral
35,Satisfactory nothing remarkable,neutral
36,Regular product as described,neutral
37,Works as intended nothing special,neutral
38,Fine quality for the price point,neutral
39,Acceptable meets expectations,neutral
40,Mediocre product somewhat disappointed,neutral
41,Absolutely horrible waste of time,negative
42,Very poor quality totally useless,negative
43,Disappointed very bad experience,negative
44,Terrible product save your money,negative
45,Worst purchase ever made,negative
46,Defective and poorly made,negative
47,Avoid at all costs terrible,negative
48,Complete failure not happy,negative
49,Fantastic product love it so much,positive
50,Excellent quality very satisfied customer,positive
